major_category,value,date
Theft and Handling,24014,2008-01-01
Criminal Damage,8061,2008-01-01
Burglary,8396,2008-01-01
Violence Against the Person,12719,2008-01-01
Robbery,2887,2008-01-01
Drugs,5230,2008-01-01
Fraud or Forgery,2671,2008-01-01
Sexual Offences,652,2008-01-01
Other Notifiable Offences,789,2008-01-01
Theft and Handling,22980,2008-02-01
Criminal Damage,7677,2008-02-01
Burglary,7296,2008-02-01
Violence Against the Person,12123,2008-02-01
Robbery,2455,2008-02-01
Drugs,6071,2008-02-01
Fraud or Forgery,2654,2008-02-01
Sexual Offences,621,2008-02-01
Other Notifiable Offences,749,2008-02-01
Theft and Handling,23632,2008-03-01
Criminal Damage,7818,2008-03-01
Burglary,7485,2008-03-01
Violence Against the Person,13244,2008-03-01
Robbery,2585,2008-03-01
Drugs,5769,2008-03-01
Fraud or Forgery,0,2008-03-01
Sexual Offences,0,2008-03-01
Other Notifiable Offences,810,2008-03-01
Theft and Handling,23660,2008-04-01
Criminal Damage,8113,2008-04-01
Burglary,6827,2008-04-01
Violence Against the Person,12590,2008-04-01
Robbery,2498,2008-04-01
Drugs,5158,2008-04-01
Fraud or Forgery,0,2008-04-01
Sexual Offences,0,2008-04-01
Other Notifiable Offences,794,2008-04-01
Theft and Handling,23695,2008-05-01
Criminal Damage,8273,2008-05-01
Burglary,6889,2008-05-01
Violence Against the Person,14577,2008-05-01
Robbery,2490,2008-05-01
Drugs,5868,2008-05-01
Fraud or Forgery,0,2008-05-01
Sexual Offences,0,2008-05-01
Other Notifiable Offences,795,2008-05-01
Theft and Handling,23794,2008-06-01
Criminal Damage,7981,2008-06-01
Burglary,6989,2008-06-01
Violence Against the Person,14751,2008-06-01
Robbery,2448,2008-06-01
Drugs,5366,2008-06-01
Fraud or Forgery,0,2008-06-01
Sexual Offences,0,2008-06-01
Other Notifiable Offences,961,2008-06-01
Theft and Handling,24814,2008-07-01
Criminal Damage,7872,2008-07-01
Burglary,6983,2008-07-01
Violence Against the Person,15096,2008-07-01
Robbery,2390,2008-07-01
Drugs,6062,2008-07-01
Fraud or Forgery,0,2008-07-01
Sexual Offences,0,2008-07-01
Other Notifiable Offences,909,2008-07-01
Theft and Handling,22791,2008-08-01
Criminal Damage,7476,2008-08-01
Burglary,7163,2008-08-01
Violence Against the Person,13394,2008-08-01
Robbery,2275,2008-08-01
Drugs,5971,2008-08-01
Fraud or Forgery,0,2008-08-01
Sexual Offences,0,2008-08-01
Other Notifiable Offences,889,2008-08-01
Theft and Handling,22738,2008-09-01
Criminal Damage,7367,2008-09-01
Burglary,6607,2008-09-01
Violence Against the Person,12760,2008-09-01
Robbery,2206,2008-09-01
Drugs,5815,2008-09-01
Fraud or Forgery,0,2008-09-01
Sexual Offences,0,2008-09-01
Other Notifiable Offences,921,2008-09-01
Theft and Handling,25478,2008-10-01
Criminal Damage,7517,2008-10-01
Burglary,7229,2008-10-01
Violence Against the Person,13389,2008-10-01
Robbery,2520,2008-10-01
Drugs,6334,2008-10-01
Fraud or Forgery,0,2008-10-01
Sexual Offences,0,2008-10-01
Other Notifiable Offences,887,2008-10-01
Theft and Handling,24008,2008-11-01
Criminal Damage,7048,2008-11-01
Burglary,7759,2008-11-01
Violence Against the Person,13069,2008-11-01
Robbery,2588,2008-11-01
Drugs,6034,2008-11-01
Fraud or Forgery,0,2008-11-01
Sexual Offences,0,2008-11-01
Other Notifiable Offences,889,2008-11-01
Theft and Handling,22088,2008-12-01
Criminal Damage,6669,2008-12-01
Burglary,8469,2008-12-01
Violence Against the Person,12132,2008-12-01
Robbery,2285,2008-12-01
Drugs,5126,2008-12-01
Fraud or Forgery,0,2008-12-01
Sexual Offences,0,2008-12-01
Other Notifiable Offences,719,2008-12-01
Theft and Handling,22332,2009-01-01
Criminal Damage,6866,2009-01-01
Burglary,8662,2009-01-01
Violence Against the Person,12542,2009-01-01
Robbery,2592,2009-01-01
Drugs,5287,2009-01-01
Fraud or Forgery,0,2009-01-01
Sexual Offences,0,2009-01-01
Other Notifiable Offences,861,2009-01-01
Theft and Handling,20819,2009-02-01
Criminal Damage,6585,2009-02-01
Burglary,7107,2009-02-01
Violence Against the Person,12055,2009-02-01
Robbery,2349,2009-02-01
Drugs,5016,2009-02-01
Fraud or Forgery,0,2009-02-01
Sexual Offences,0,2009-02-01
Other Notifiable Offences,775,2009-02-01
Theft and Handling,24219,2009-03-01
Criminal Damage,7867,2009-03-01
Burglary,8143,2009-03-01
Violence Against the Person,13961,2009-03-01
Robbery,2612,2009-03-01
Drugs,5718,2009-03-01
Fraud or Forgery,0,2009-03-01
Sexual Offences,0,2009-03-01
Other Notifiable Offences,962,2009-03-01
Theft and Handling,23403,2009-04-01
Criminal Damage,7873,2009-04-01
Burglary,7309,2009-04-01
Violence Against the Person,13062,2009-04-01
Robbery,2589,2009-04-01
Drugs,4033,2009-04-01
Fraud or Forgery,0,2009-04-01
Sexual Offences,0,2009-04-01
Other Notifiable Offences,912,2009-04-01
Theft and Handling,24439,2009-05-01
Criminal Damage,8237,2009-05-01
Burglary,7571,2009-05-01
Violence Against the Person,14591,2009-05-01
Robbery,2707,2009-05-01
Drugs,4462,2009-05-01
Fraud or Forgery,0,2009-05-01
Sexual Offences,0,2009-05-01
Other Notifiable Offences,890,2009-05-01
Theft and Handling,24638,2009-06-01
Criminal Damage,7636,2009-06-01
Burglary,7620,2009-06-01
Violence Against the Person,14548,2009-06-01
Robbery,2497,2009-06-01
Drugs,5239,2009-06-01
Fraud or Forgery,0,2009-06-01
Sexual Offences,0,2009-06-01
Other Notifiable Offences,938,2009-06-01
Theft and Handling,24955,2009-07-01
Criminal Damage,7420,2009-07-01
Burglary,7629,2009-07-01
Violence Against the Person,14116,2009-07-01
Robbery,2434,2009-07-01
Drugs,5765,2009-07-01
Fraud or Forgery,0,2009-07-01
Sexual Offences,0,2009-07-01
Other Notifiable Offences,962,2009-07-01
Theft and Handling,22595,2009-08-01
Criminal Damage,7080,2009-08-01
Burglary,7045,2009-08-01
Violence Against the Person,13791,2009-08-01
Robbery,2251,2009-08-01
Drugs,5025,2009-08-01
Fraud or Forgery,0,2009-08-01
Sexual Offences,0,2009-08-01
Other Notifiable Offences,908,2009-08-01
Theft and Handling,22728,2009-09-01
Criminal Damage,6912,2009-09-01
Burglary,7211,2009-09-01
Violence Against the Person,13029,2009-09-01
Robbery,2288,2009-09-01
Drugs,4758,2009-09-01
Fraud or Forgery,0,2009-09-01
Sexual Offences,0,2009-09-01
Other Notifiable Offences,921,2009-09-01
Theft and Handling,24253,2009-10-01
Criminal Damage,6745,2009-10-01
Burglary,7493,2009-10-01
Violence Against the Person,13586,2009-10-01
Robbery,2584,2009-10-01
Drugs,5630,2009-10-01
Fraud or Forgery,0,2009-10-01
Sexual Offences,0,2009-10-01
Other Notifiable Offences,885,2009-10-01
Theft and Handling,23415,2009-11-01
Criminal Damage,6581,2009-11-01
Burglary,7765,2009-11-01
Violence Against the Person,13177,2009-11-01
Robbery,2314,2009-11-01
Drugs,5329,2009-11-01
Fraud or Forgery,0,2009-11-01
Sexual Offences,0,2009-11-01
Other Notifiable Offences,875,2009-11-01
Theft and Handling,21696,2009-12-01
Criminal Damage,5763,2009-12-01
Burglary,7064,2009-12-01
Violence Against the Person,12319,2009-12-01
Robbery,2351,2009-12-01
Drugs,4287,2009-12-01
Fraud or Forgery,0,2009-12-01
Sexual Offences,0,2009-12-01
Other Notifiable Offences,755,2009-12-01
Theft and Handling,21022,2010-01-01
Criminal Damage,5931,2010-01-01
Burglary,6959,2010-01-01
Violence Against the Person,12572,2010-01-01
Robbery,2562,2010-01-01
Drugs,5056,2010-01-01
Fraud or Forgery,0,2010-01-01
Sexual Offences,0,2010-01-01
Other Notifiable Offences,832,2010-01-01
Theft and Handling,21523,2010-02-01
Criminal Damage,5719,2010-02-01
Burglary,7153,2010-02-01
Violence Against the Person,12147,2010-02-01
Robbery,2629,2010-02-01
Drugs,5005,2010-02-01
Fraud or Forgery,0,2010-02-01
Sexual Offences,0,2010-02-01
Other Notifiable Offences,893,2010-02-01
Theft and Handling,25578,2010-03-01
Criminal Damage,7169,2010-03-01
Burglary,7586,2010-03-01
Violence Against the Person,13981,2010-03-01
Robbery,3176,2010-03-01
Drugs,5134,2010-03-01
Fraud or Forgery,0,2010-03-01
Sexual Offences,0,2010-03-01
Other Notifiable Offences,1005,2010-03-01
Theft and Handling,24534,2010-04-01
Criminal Damage,7177,2010-04-01
Burglary,6794,2010-04-01
Violence Against the Person,13306,2010-04-01
Robbery,2719,2010-04-01
Drugs,4644,2010-04-01
Fraud or Forgery,0,2010-04-01
Sexual Offences,0,2010-04-01
Other Notifiable Offences,911,2010-04-01
Theft and Handling,25045,2010-05-01
Criminal Damage,7022,2010-05-01
Burglary,6850,2010-05-01
Violence Against the Person,14442,2010-05-01
Robbery,3014,2010-05-01
Drugs,4803,2010-05-01
Fraud or Forgery,0,2010-05-01
Sexual Offences,0,2010-05-01
Other Notifiable Offences,950,2010-05-01
Theft and Handling,25637,2010-06-01
Criminal Damage,7187,2010-06-01
Burglary,6850,2010-06-01
Violence Against the Person,14658,2010-06-01
Robbery,2701,2010-06-01
Drugs,4674,2010-06-01
Fraud or Forgery,0,2010-06-01
Sexual Offences,0,2010-06-01
Other Notifiable Offences,925,2010-06-01
Theft and Handling,25928,2010-07-01
Criminal Damage,7136,2010-07-01
Burglary,6773,2010-07-01
Violence Against the Person,14952,2010-07-01
Robbery,2544,2010-07-01
Drugs,5432,2010-07-01
Fraud or Forgery,0,2010-07-01
Sexual Offences,0,2010-07-01
Other Notifiable Offences,999,2010-07-01
Theft and Handling,23763,2010-08-01
Criminal Damage,6477,2010-08-01
Burglary,6898,2010-08-01
Violence Against the Person,12951,2010-08-01
Robbery,2306,2010-08-01
Drugs,5796,2010-08-01
Fraud or Forgery,0,2010-08-01
Sexual Offences,0,2010-08-01
Other Notifiable Offences,849,2010-08-01
Theft and Handling,25215,2010-09-01
Criminal Damage,6250,2010-09-01
Burglary,7117,2010-09-01
Violence Against the Person,12812,2010-09-01
Robbery,2520,2010-09-01
Drugs,4924,2010-09-01
Fraud or Forgery,0,2010-09-01
Sexual Offences,0,2010-09-01
Other Notifiable Offences,893,2010-09-01
Theft and Handling,26293,2010-10-01
Criminal Damage,6421,2010-10-01
Burglary,7603,2010-10-01
Violence Against the Person,12930,2010-10-01
Robbery,2706,2010-10-01
Drugs,5267,2010-10-01
Fraud or Forgery,0,2010-10-01
Sexual Offences,0,2010-10-01
Other Notifiable Offences,893,2010-10-01
Theft and Handling,25417,2010-11-01
Criminal Damage,6288,2010-11-01
Burglary,8589,2010-11-01
Violence Against the Person,12052,2010-11-01
Robbery,2786,2010-11-01
Drugs,4659,2010-11-01
Fraud or Forgery,0,2010-11-01
Sexual Offences,0,2010-11-01
Other Notifiable Offences,874,2010-11-01
Theft and Handling,20969,2010-12-01
Criminal Damage,5120,2010-12-01
Burglary,7654,2010-12-01
Violence Against the Person,11091,2010-12-01
Robbery,2678,2010-12-01
Drugs,3280,2010-12-01
Fraud or Forgery,0,2010-12-01
Sexual Offences,0,2010-12-01
Other Notifiable Offences,744,2010-12-01
Theft and Handling,23277,2011-01-01
Criminal Damage,5632,2011-01-01
Burglary,8698,2011-01-01
Violence Against the Person,11866,2011-01-01
Robbery,3059,2011-01-01
Drugs,4624,2011-01-01
Fraud or Forgery,0,2011-01-01
Sexual Offences,0,2011-01-01
Other Notifiable Offences,810,2011-01-01
Theft and Handling,22743,2011-02-01
Criminal Damage,5270,2011-02-01
Burglary,7474,2011-02-01
Violence Against the Person,11150,2011-02-01
Robbery,2940,2011-02-01
Drugs,4538,2011-02-01
Fraud or Forgery,0,2011-02-01
Sexual Offences,0,2011-02-01
Other Notifiable Offences,780,2011-02-01
Theft and Handling,25900,2011-03-01
Criminal Damage,6060,2011-03-01
Burglary,8013,2011-03-01
Violence Against the Person,12302,2011-03-01
Robbery,3102,2011-03-01
Drugs,5007,2011-03-01
Fraud or Forgery,0,2011-03-01
Sexual Offences,0,2011-03-01
Other Notifiable Offences,898,2011-03-01
Theft and Handling,24810,2011-04-01
Criminal Damage,6231,2011-04-01
Burglary,7276,2011-04-01
Violence Against the Person,12420,2011-04-01
Robbery,3077,2011-04-01
Drugs,4121,2011-04-01
Fraud or Forgery,0,2011-04-01
Sexual Offences,0,2011-04-01
Other Notifiable Offences,779,2011-04-01
Theft and Handling,27359,2011-05-01
Criminal Damage,6291,2011-05-01
Burglary,7688,2011-05-01
Violence Against the Person,12289,2011-05-01
Robbery,3395,2011-05-01
Drugs,4734,2011-05-01
Fraud or Forgery,0,2011-05-01
Sexual Offences,0,2011-05-01
Other Notifiable Offences,874,2011-05-01
Theft and Handling,27029,2011-06-01
Criminal Damage,6026,2011-06-01
Burglary,7079,2011-06-01
Violence Against the Person,12633,2011-06-01
Robbery,3124,2011-06-01
Drugs,5032,2011-06-01
Fraud or Forgery,0,2011-06-01
Sexual Offences,0,2011-06-01
Other Notifiable Offences,899,2011-06-01
Theft and Handling,26332,2011-07-01
Criminal Damage,6053,2011-07-01
Burglary,7156,2011-07-01
Violence Against the Person,12942,2011-07-01
Robbery,3268,2011-07-01
Drugs,5703,2011-07-01
Fraud or Forgery,0,2011-07-01
Sexual Offences,0,2011-07-01
Other Notifiable Offences,974,2011-07-01
Theft and Handling,23926,2011-08-01
Criminal Damage,6733,2011-08-01
Burglary,7883,2011-08-01
Violence Against the Person,11884,2011-08-01
Robbery,2869,2011-08-01
Drugs,4927,2011-08-01
Fraud or Forgery,0,2011-08-01
Sexual Offences,0,2011-08-01
Other Notifiable Offences,895,2011-08-01
Theft and Handling,25300,2011-09-01
Criminal Damage,5718,2011-09-01
Burglary,7091,2011-09-01
Violence Against the Person,12286,2011-09-01
Robbery,2654,2011-09-01
Drugs,4728,2011-09-01
Fraud or Forgery,0,2011-09-01
Sexual Offences,0,2011-09-01
Other Notifiable Offences,863,2011-09-01
Theft and Handling,27928,2011-10-01
Criminal Damage,5901,2011-10-01
Burglary,7901,2011-10-01
Violence Against the Person,13083,2011-10-01
Robbery,3050,2011-10-01
Drugs,4957,2011-10-01
Fraud or Forgery,0,2011-10-01
Sexual Offences,0,2011-10-01
Other Notifiable Offences,802,2011-10-01
Theft and Handling,28490,2011-11-01
Criminal Damage,5701,2011-11-01
Burglary,8326,2011-11-01
Violence Against the Person,12454,2011-11-01
Robbery,3296,2011-11-01
Drugs,5007,2011-11-01
Fraud or Forgery,0,2011-11-01
Sexual Offences,0,2011-11-01
Other Notifiable Offences,845,2011-11-01
Theft and Handling,26198,2011-12-01
Criminal Damage,5298,2011-12-01
Burglary,8730,2011-12-01
Violence Against the Person,11592,2011-12-01
Robbery,2845,2011-12-01
Drugs,4172,2011-12-01
Fraud or Forgery,0,2011-12-01
Sexual Offences,0,2011-12-01
Other Notifiable Offences,845,2011-12-01
Theft and Handling,27445,2012-01-01
Criminal Damage,5600,2012-01-01
Burglary,8698,2012-01-01
Violence Against the Person,11822,2012-01-01
Robbery,2944,2012-01-01
Drugs,5068,2012-01-01
Fraud or Forgery,0,2012-01-01
Sexual Offences,0,2012-01-01
Other Notifiable Offences,859,2012-01-01
Theft and Handling,25001,2012-02-01
Criminal Damage,5063,2012-02-01
Burglary,7639,2012-02-01
Violence Against the Person,11058,2012-02-01
Robbery,2796,2012-02-01
Drugs,4309,2012-02-01
Fraud or Forgery,0,2012-02-01
Sexual Offences,0,2012-02-01
Other Notifiable Offences,869,2012-02-01
Theft and Handling,31076,2012-03-01
Criminal Damage,5809,2012-03-01
Burglary,8639,2012-03-01
Violence Against the Person,12930,2012-03-01
Robbery,3330,2012-03-01
Drugs,4769,2012-03-01
Fraud or Forgery,0,2012-03-01
Sexual Offences,0,2012-03-01
Other Notifiable Offences,984,2012-03-01
Theft and Handling,26646,2012-04-01
Criminal Damage,5162,2012-04-01
Burglary,7532,2012-04-01
Violence Against the Person,11931,2012-04-01
Robbery,2994,2012-04-01
Drugs,3765,2012-04-01
Fraud or Forgery,0,2012-04-01
Sexual Offences,0,2012-04-01
Other Notifiable Offences,771,2012-04-01
Theft and Handling,29823,2012-05-01
Criminal Damage,5661,2012-05-01
Burglary,7328,2012-05-01
Violence Against the Person,13638,2012-05-01
Robbery,3027,2012-05-01
Drugs,3959,2012-05-01
Fraud or Forgery,0,2012-05-01
Sexual Offences,0,2012-05-01
Other Notifiable Offences,908,2012-05-01
Theft and Handling,28152,2012-06-01
Criminal Damage,5455,2012-06-01
Burglary,7511,2012-06-01
Violence Against the Person,12955,2012-06-01
Robbery,2992,2012-06-01
Drugs,4378,2012-06-01
Fraud or Forgery,0,2012-06-01
Sexual Offences,0,2012-06-01
Other Notifiable Offences,838,2012-06-01
Theft and Handling,28878,2012-07-01
Criminal Damage,5288,2012-07-01
Burglary,7093,2012-07-01
Violence Against the Person,13531,2012-07-01
Robbery,2990,2012-07-01
Drugs,4575,2012-07-01
Fraud or Forgery,0,2012-07-01
Sexual Offences,0,2012-07-01
Other Notifiable Offences,925,2012-07-01
Theft and Handling,27442,2012-08-01
Criminal Damage,5381,2012-08-01
Burglary,7244,2012-08-01
Violence Against the Person,13483,2012-08-01
Robbery,2679,2012-08-01
Drugs,4935,2012-08-01
Fraud or Forgery,0,2012-08-01
Sexual Offences,0,2012-08-01
Other Notifiable Offences,979,2012-08-01
Theft and Handling,25361,2012-09-01
Criminal Damage,4600,2012-09-01
Burglary,6880,2012-09-01
Violence Against the Person,12283,2012-09-01
Robbery,2700,2012-09-01
Drugs,4144,2012-09-01
Fraud or Forgery,0,2012-09-01
Sexual Offences,0,2012-09-01
Other Notifiable Offences,944,2012-09-01
Theft and Handling,28871,2012-10-01
Criminal Damage,4740,2012-10-01
Burglary,7958,2012-10-01
Violence Against the Person,12404,2012-10-01
Robbery,2851,2012-10-01
Drugs,3985,2012-10-01
Fraud or Forgery,0,2012-10-01
Sexual Offences,0,2012-10-01
Other Notifiable Offences,919,2012-10-01
Theft and Handling,28705,2012-11-01
Criminal Damage,4958,2012-11-01
Burglary,8765,2012-11-01
Violence Against the Person,12012,2012-11-01
Robbery,3055,2012-11-01
Drugs,4122,2012-11-01
Fraud or Forgery,0,2012-11-01
Sexual Offences,0,2012-11-01
Other Notifiable Offences,897,2012-11-01
Theft and Handling,26654,2012-12-01
Criminal Damage,4441,2012-12-01
Burglary,8105,2012-12-01
Violence Against the Person,11967,2012-12-01
Robbery,2902,2012-12-01
Drugs,3767,2012-12-01
Fraud or Forgery,0,2012-12-01
Sexual Offences,0,2012-12-01
Other Notifiable Offences,782,2012-12-01
Theft and Handling,26626,2013-01-01
Criminal Damage,4565,2013-01-01
Burglary,8462,2013-01-01
Violence Against the Person,11358,2013-01-01
Robbery,2719,2013-01-01
Drugs,4436,2013-01-01
Fraud or Forgery,0,2013-01-01
Sexual Offences,0,2013-01-01
Other Notifiable Offences,767,2013-01-01
Theft and Handling,25410,2013-02-01
Criminal Damage,4563,2013-02-01
Burglary,7757,2013-02-01
Violence Against the Person,10316,2013-02-01
Robbery,2326,2013-02-01
Drugs,4044,2013-02-01
Fraud or Forgery,0,2013-02-01
Sexual Offences,0,2013-02-01
Other Notifiable Offences,855,2013-02-01
Theft and Handling,25969,2013-03-01
Criminal Damage,4472,2013-03-01
Burglary,7571,2013-03-01
Violence Against the Person,11612,2013-03-01
Robbery,2606,2013-03-01
Drugs,4425,2013-03-01
Fraud or Forgery,0,2013-03-01
Sexual Offences,0,2013-03-01
Other Notifiable Offences,935,2013-03-01
Theft and Handling,25219,2013-04-01
Criminal Damage,4809,2013-04-01
Burglary,7109,2013-04-01
Violence Against the Person,11405,2013-04-01
Robbery,2270,2013-04-01
Drugs,3973,2013-04-01
Fraud or Forgery,0,2013-04-01
Sexual Offences,0,2013-04-01
Other Notifiable Offences,893,2013-04-01
Theft and Handling,25126,2013-05-01
Criminal Damage,4956,2013-05-01
Burglary,6830,2013-05-01
Violence Against the Person,12290,2013-05-01
Robbery,2397,2013-05-01
Drugs,4254,2013-05-01
Fraud or Forgery,0,2013-05-01
Sexual Offences,0,2013-05-01
Other Notifiable Offences,912,2013-05-01
Theft and Handling,25686,2013-06-01
Criminal Damage,4953,2013-06-01
Burglary,6527,2013-06-01
Violence Against the Person,12427,2013-06-01
Robbery,2394,2013-06-01
Drugs,3959,2013-06-01
Fraud or Forgery,0,2013-06-01
Sexual Offences,0,2013-06-01
Other Notifiable Offences,893,2013-06-01
Theft and Handling,26852,2013-07-01
Criminal Damage,5020,2013-07-01
Burglary,6604,2013-07-01
Violence Against the Person,13995,2013-07-01
Robbery,2693,2013-07-01
Drugs,4379,2013-07-01
Fraud or Forgery,0,2013-07-01
Sexual Offences,0,2013-07-01
Other Notifiable Offences,965,2013-07-01
Theft and Handling,25714,2013-08-01
Criminal Damage,4816,2013-08-01
Burglary,6590,2013-08-01
Violence Against the Person,12505,2013-08-01
Robbery,2590,2013-08-01
Drugs,4313,2013-08-01
Fraud or Forgery,0,2013-08-01
Sexual Offences,0,2013-08-01
Other Notifiable Offences,939,2013-08-01
Theft and Handling,24870,2013-09-01
Criminal Damage,4380,2013-09-01
Burglary,6686,2013-09-01
Violence Against the Person,11841,2013-09-01
Robbery,2460,2013-09-01
Drugs,3779,2013-09-01
Fraud or Forgery,0,2013-09-01
Sexual Offences,0,2013-09-01
Other Notifiable Offences,908,2013-09-01
Theft and Handling,26978,2013-10-01
Criminal Damage,4602,2013-10-01
Burglary,7464,2013-10-01
Violence Against the Person,12959,2013-10-01
Robbery,2437,2013-10-01
Drugs,4525,2013-10-01
Fraud or Forgery,0,2013-10-01
Sexual Offences,0,2013-10-01
Other Notifiable Offences,991,2013-10-01
Theft and Handling,24961,2013-11-01
Criminal Damage,4588,2013-11-01
Burglary,8018,2013-11-01
Violence Against the Person,12804,2013-11-01
Robbery,2407,2013-11-01
Drugs,4575,2013-11-01
Fraud or Forgery,0,2013-11-01
Sexual Offences,0,2013-11-01
Other Notifiable Offences,914,2013-11-01
Theft and Handling,22961,2013-12-01
Criminal Damage,4482,2013-12-01
Burglary,7604,2013-12-01
Violence Against the Person,12669,2013-12-01
Robbery,2038,2013-12-01
Drugs,3616,2013-12-01
Fraud or Forgery,0,2013-12-01
Sexual Offences,0,2013-12-01
Other Notifiable Offences,839,2013-12-01
Theft and Handling,23285,2014-01-01
Criminal Damage,4464,2014-01-01
Burglary,7910,2014-01-01
Violence Against the Person,12741,2014-01-01
Robbery,2165,2014-01-01
Drugs,4020,2014-01-01
Fraud or Forgery,0,2014-01-01
Sexual Offences,0,2014-01-01
Other Notifiable Offences,930,2014-01-01
Theft and Handling,21715,2014-02-01
Criminal Damage,4236,2014-02-01
Burglary,6767,2014-02-01
Violence Against the Person,12057,2014-02-01
Robbery,1878,2014-02-01
Drugs,3644,2014-02-01
Fraud or Forgery,0,2014-02-01
Sexual Offences,0,2014-02-01
Other Notifiable Offences,925,2014-02-01
Theft and Handling,24404,2014-03-01
Criminal Damage,4846,2014-03-01
Burglary,6720,2014-03-01
Violence Against the Person,14396,2014-03-01
Robbery,1877,2014-03-01
Drugs,4338,2014-03-01
Fraud or Forgery,0,2014-03-01
Sexual Offences,0,2014-03-01
Other Notifiable Offences,1088,2014-03-01
Theft and Handling,22665,2014-04-01
Criminal Damage,4703,2014-04-01
Burglary,5911,2014-04-01
Violence Against the Person,13573,2014-04-01
Robbery,1723,2014-04-01
Drugs,3871,2014-04-01
Fraud or Forgery,0,2014-04-01
Sexual Offences,0,2014-04-01
Other Notifiable Offences,1021,2014-04-01
Theft and Handling,23357,2014-05-01
Criminal Damage,4945,2014-05-01
Burglary,5832,2014-05-01
Violence Against the Person,15346,2014-05-01
Robbery,1814,2014-05-01
Drugs,3928,2014-05-01
Fraud or Forgery,0,2014-05-01
Sexual Offences,0,2014-05-01
Other Notifiable Offences,1105,2014-05-01
Theft and Handling,23441,2014-06-01
Criminal Damage,5110,2014-06-01
Burglary,5391,2014-06-01
Violence Against the Person,16481,2014-06-01
Robbery,1842,2014-06-01
Drugs,3763,2014-06-01
Fraud or Forgery,0,2014-06-01
Sexual Offences,0,2014-06-01
Other Notifiable Offences,1011,2014-06-01
Theft and Handling,23660,2014-07-01
Criminal Damage,5164,2014-07-01
Burglary,5701,2014-07-01
Violence Against the Person,17432,2014-07-01
Robbery,1687,2014-07-01
Drugs,3663,2014-07-01
Fraud or Forgery,0,2014-07-01
Sexual Offences,0,2014-07-01
Other Notifiable Offences,1257,2014-07-01
Theft and Handling,22639,2014-08-01
Criminal Damage,4925,2014-08-01
Burglary,5893,2014-08-01
Violence Against the Person,15803,2014-08-01
Robbery,1744,2014-08-01
Drugs,3569,2014-08-01
Fraud or Forgery,0,2014-08-01
Sexual Offences,0,2014-08-01
Other Notifiable Offences,1068,2014-08-01
Theft and Handling,23161,2014-09-01
Criminal Damage,5095,2014-09-01
Burglary,5767,2014-09-01
Violence Against the Person,16745,2014-09-01
Robbery,1743,2014-09-01
Drugs,3177,2014-09-01
Fraud or Forgery,0,2014-09-01
Sexual Offences,0,2014-09-01
Other Notifiable Offences,1245,2014-09-01
Theft and Handling,24507,2014-10-01
Criminal Damage,5491,2014-10-01
Burglary,6483,2014-10-01
Violence Against the Person,17297,2014-10-01
Robbery,1941,2014-10-01
Drugs,3671,2014-10-01
Fraud or Forgery,0,2014-10-01
Sexual Offences,0,2014-10-01
Other Notifiable Offences,1147,2014-10-01
Theft and Handling,23729,2014-11-01
Criminal Damage,5281,2014-11-01
Burglary,6873,2014-11-01
Violence Against the Person,17093,2014-11-01
Robbery,1888,2014-11-01
Drugs,3674,2014-11-01
Fraud or Forgery,0,2014-11-01
Sexual Offences,0,2014-11-01
Other Notifiable Offences,1166,2014-11-01
Theft and Handling,23317,2014-12-01
Criminal Damage,5019,2014-12-01
Burglary,6805,2014-12-01
Violence Against the Person,16385,2014-12-01
Robbery,1848,2014-12-01
Drugs,3117,2014-12-01
Fraud or Forgery,0,2014-12-01
Sexual Offences,0,2014-12-01
Other Notifiable Offences,1074,2014-12-01
Theft and Handling,22985,2015-01-01
Criminal Damage,4823,2015-01-01
Burglary,6521,2015-01-01
Violence Against the Person,16187,2015-01-01
Robbery,1795,2015-01-01
Drugs,3690,2015-01-01
Fraud or Forgery,0,2015-01-01
Sexual Offences,0,2015-01-01
Other Notifiable Offences,1054,2015-01-01
Theft and Handling,21243,2015-02-01
Criminal Damage,4628,2015-02-01
Burglary,5974,2015-02-01
Violence Against the Person,15458,2015-02-01
Robbery,1644,2015-02-01
Drugs,3302,2015-02-01
Fraud or Forgery,0,2015-02-01
Sexual Offences,0,2015-02-01
Other Notifiable Offences,1067,2015-02-01
Theft and Handling,24490,2015-03-01
Criminal Damage,5364,2015-03-01
Burglary,6336,2015-03-01
Violence Against the Person,17660,2015-03-01
Robbery,1862,2015-03-01
Drugs,3237,2015-03-01
Fraud or Forgery,0,2015-03-01
Sexual Offences,0,2015-03-01
Other Notifiable Offences,1147,2015-03-01
Theft and Handling,23171,2015-04-01
Criminal Damage,5284,2015-04-01
Burglary,5437,2015-04-01
Violence Against the Person,16579,2015-04-01
Robbery,1782,2015-04-01
Drugs,3057,2015-04-01
Fraud or Forgery,0,2015-04-01
Sexual Offences,0,2015-04-01
Other Notifiable Offences,1135,2015-04-01
Theft and Handling,24818,2015-05-01
Criminal Damage,5539,2015-05-01
Burglary,5559,2015-05-01
Violence Against the Person,18982,2015-05-01
Robbery,1889,2015-05-01
Drugs,3082,2015-05-01
Fraud or Forgery,0,2015-05-01
Sexual Offences,0,2015-05-01
Other Notifiable Offences,1169,2015-05-01
Theft and Handling,24628,2015-06-01
Criminal Damage,5461,2015-06-01
Burglary,5289,2015-06-01
Violence Against the Person,19155,2015-06-01
Robbery,1711,2015-06-01
Drugs,3248,2015-06-01
Fraud or Forgery,0,2015-06-01
Sexual Offences,0,2015-06-01
Other Notifiable Offences,1268,2015-06-01
Theft and Handling,24324,2015-07-01
Criminal Damage,5597,2015-07-01
Burglary,5400,2015-07-01
Violence Against the Person,19738,2015-07-01
Robbery,1789,2015-07-01
Drugs,3467,2015-07-01
Fraud or Forgery,0,2015-07-01
Sexual Offences,0,2015-07-01
Other Notifiable Offences,1291,2015-07-01
Theft and Handling,22611,2015-08-01
Criminal Damage,5163,2015-08-01
Burglary,5372,2015-08-01
Violence Against the Person,18478,2015-08-01
Robbery,1758,2015-08-01
Drugs,3451,2015-08-01
Fraud or Forgery,0,2015-08-01
Sexual Offences,0,2015-08-01
Other Notifiable Offences,1223,2015-08-01
Theft and Handling,22602,2015-09-01
Criminal Damage,4903,2015-09-01
Burglary,5419,2015-09-01
Violence Against the Person,18290,2015-09-01
Robbery,1721,2015-09-01
Drugs,3363,2015-09-01
Fraud or Forgery,0,2015-09-01
Sexual Offences,0,2015-09-01
Other Notifiable Offences,1266,2015-09-01
Theft and Handling,24475,2015-10-01
Criminal Damage,5383,2015-10-01
Burglary,5941,2015-10-01
Violence Against the Person,19873,2015-10-01
Robbery,1812,2015-10-01
Drugs,3618,2015-10-01
Fraud or Forgery,0,2015-10-01
Sexual Offences,0,2015-10-01
Other Notifiable Offences,1259,2015-10-01
Theft and Handling,24719,2015-11-01
Criminal Damage,5435,2015-11-01
Burglary,6783,2015-11-01
Violence Against the Person,19259,2015-11-01
Robbery,1864,2015-11-01
Drugs,3231,2015-11-01
Fraud or Forgery,0,2015-11-01
Sexual Offences,0,2015-11-01
Other Notifiable Offences,1196,2015-11-01
Theft and Handling,23956,2015-12-01
Criminal Damage,5396,2015-12-01
Burglary,6458,2015-12-01
Violence Against the Person,19081,2015-12-01
Robbery,1756,2015-12-01
Drugs,3039,2015-12-01
Fraud or Forgery,0,2015-12-01
Sexual Offences,0,2015-12-01
Other Notifiable Offences,1154,2015-12-01
Theft and Handling,22316,2016-01-01
Criminal Damage,5049,2016-01-01
Burglary,6302,2016-01-01
Violence Against the Person,18266,2016-01-01
Robbery,1810,2016-01-01
Drugs,3828,2016-01-01
Fraud or Forgery,0,2016-01-01
Sexual Offences,0,2016-01-01
Other Notifiable Offences,1276,2016-01-01
Theft and Handling,22028,2016-02-01
Criminal Damage,5010,2016-02-01
Burglary,5841,2016-02-01
Violence Against the Person,17642,2016-02-01
Robbery,1646,2016-02-01
Drugs,3397,2016-02-01
Fraud or Forgery,0,2016-02-01
Sexual Offences,0,2016-02-01
Other Notifiable Offences,1133,2016-02-01
Theft and Handling,23117,2016-03-01
Criminal Damage,5092,2016-03-01
Burglary,5804,2016-03-01
Violence Against the Person,18863,2016-03-01
Robbery,1711,2016-03-01
Drugs,3324,2016-03-01
Fraud or Forgery,0,2016-03-01
Sexual Offences,0,2016-03-01
Other Notifiable Offences,1256,2016-03-01
Theft and Handling,23149,2016-04-01
Criminal Damage,5224,2016-04-01
Burglary,5335,2016-04-01
Violence Against the Person,18668,2016-04-01
Robbery,1570,2016-04-01
Drugs,3389,2016-04-01
Fraud or Forgery,0,2016-04-01
Sexual Offences,0,2016-04-01
Other Notifiable Offences,1302,2016-04-01
Theft and Handling,25374,2016-05-01
Criminal Damage,5967,2016-05-01
Burglary,5404,2016-05-01
Violence Against the Person,20639,2016-05-01
Robbery,1787,2016-05-01
Drugs,3276,2016-05-01
Fraud or Forgery,0,2016-05-01
Sexual Offences,0,2016-05-01
Other Notifiable Offences,1543,2016-05-01
Theft and Handling,24722,2016-06-01
Criminal Damage,5338,2016-06-01
Burglary,5381,2016-06-01
Violence Against the Person,20463,2016-06-01
Robbery,1885,2016-06-01
Drugs,3041,2016-06-01
Fraud or Forgery,0,2016-06-01
Sexual Offences,0,2016-06-01
Other Notifiable Offences,1432,2016-06-01
Theft and Handling,25837,2016-07-01
Criminal Damage,5773,2016-07-01
Burglary,5387,2016-07-01
Violence Against the Person,21733,2016-07-01
Robbery,1960,2016-07-01
Drugs,3372,2016-07-01
Fraud or Forgery,0,2016-07-01
Sexual Offences,0,2016-07-01
Other Notifiable Offences,1457,2016-07-01
Theft and Handling,25176,2016-08-01
Criminal Damage,5584,2016-08-01
Burglary,5406,2016-08-01
Violence Against the Person,19762,2016-08-01
Robbery,1910,2016-08-01
Drugs,3442,2016-08-01
Fraud or Forgery,0,2016-08-01
Sexual Offences,0,2016-08-01
Other Notifiable Offences,1386,2016-08-01
Theft and Handling,24999,2016-09-01
Criminal Damage,5210,2016-09-01
Burglary,5280,2016-09-01
Violence Against the Person,19534,2016-09-01
Robbery,1980,2016-09-01
Drugs,3091,2016-09-01
Fraud or Forgery,0,2016-09-01
Sexual Offences,0,2016-09-01
Other Notifiable Offences,1318,2016-09-01
Theft and Handling,26303,2016-10-01
Criminal Damage,5456,2016-10-01
Burglary,5475,2016-10-01
Violence Against the Person,19588,2016-10-01
Robbery,2048,2016-10-01
Drugs,3204,2016-10-01
Fraud or Forgery,0,2016-10-01
Sexual Offences,0,2016-10-01
Other Notifiable Offences,1331,2016-10-01
Theft and Handling,25384,2016-11-01
Criminal Damage,5092,2016-11-01
Burglary,6066,2016-11-01
Violence Against the Person,18441,2016-11-01
Robbery,1983,2016-11-01
Drugs,2894,2016-11-01
Fraud or Forgery,0,2016-11-01
Sexual Offences,0,2016-11-01
Other Notifiable Offences,1204,2016-11-01
Theft and Handling,25728,2016-12-01
Criminal Damage,5276,2016-12-01
Burglary,6604,2016-12-01
Violence Against the Person,18782,2016-12-01
Robbery,2238,2016-12-01
Drugs,2656,2016-12-01
Fraud or Forgery,0,2016-12-01
Sexual Offences,0,2016-12-01
Other Notifiable Offences,1171,2016-12-01
